id,title,url,artist_id
386,Where The Hood At?,https://genius.com/Dmx-where-the-hood-at-lyrics,77
3200,X Gon’ Give It To Ya,https://genius.com/Dmx-x-gon-give-it-to-ya-lyrics,77
4402,Party Up (Up in Here),https://genius.com/Dmx-party-up-up-in-here-lyrics,77
1885,Go To Sleep,https://genius.com/Eminem-go-to-sleep-lyrics,77
17442,What These Bitches Want,https://genius.com/Dmx-what-these-bitches-want-lyrics,77
1050,Ruff Ryders’ Anthem,https://genius.com/Dmx-ruff-ryders-anthem-lyrics,77
17479,Slippin’,https://genius.com/Dmx-slippin-lyrics,77
17460,How’s It Goin’ Down (Album Version),https://genius.com/Dmx-hows-it-goin-down-album-version-lyrics,77
3345,Damien,https://genius.com/Dmx-damien-lyrics,77
3558,Touch It (Remix),https://genius.com/Busta-rhymes-touch-it-remix-lyrics,77
88,Money, Cash, Hoes,https://genius.com/Jay-z-money-cash-hoes-lyrics,77
17470,X-Is Coming,https://genius.com/Dmx-x-is-coming-lyrics,77
17462,Let Me Fly,https://genius.com/Dmx-let-me-fly-lyrics,77
5297,4, 3, 2, 1,https://genius.com/Ll-cool-j-and-dmx-4-3-2-1-lyrics,77
17464,Intro,https://genius.com/Dmx-intro-lyrics,77
17488,We Don’t Give A Fuck,https://genius.com/Dmx-we-dont-give-a-fuck-lyrics,77
17514,Who We Be,https://genius.com/Dmx-who-we-be-lyrics,77
17538,Lord Give Me a Sign,https://genius.com/Dmx-lord-give-me-a-sign-lyrics,77
5695,Niggaz Done Started Something,https://genius.com/Dmx-niggaz-done-started-something-lyrics,77
991,Money, Power & Respect,https://genius.com/The-lox-money-power-and-respect-lyrics,77
4864,The Omen,https://genius.com/Dmx-the-omen-lyrics,77
17459,Get At Me Dog,https://genius.com/Dmx-get-at-me-dog-lyrics,77
17472,Bring Your Whole Crew,https://genius.com/Dmx-bring-your-whole-crew-lyrics,77
4827520,Just In Case,https://genius.com/Godfather-of-harlem-just-in-case-lyrics,77
316,24 Hours to Live,https://genius.com/Ma-e-24-hours-to-live-lyrics,77
91339,D3MONS,https://genius.com/Mgk-d3mons-lyrics,77
17433,What’s My Name?,https://genius.com/Dmx-whats-my-name-lyrics,77
8850954,Kant Nobody,https://genius.com/Lil-wayne-kant-nobody-lyrics,77
17475,Blackout,https://genius.com/Dmx-blackout-lyrics,77
66602,I Don’t Dance,https://genius.com/Dmx-i-dont-dance-lyrics,77
17463,Look Thru My Eyes,https://genius.com/Dmx-look-thru-my-eyes-lyrics,77
31978,Rollin’ (Urban Assault Vehicle),https://genius.com/Limp-bizkit-rollin-urban-assault-vehicle-lyrics,77
6813153,Bath Salts,https://genius.com/Dmx-bath-salts-lyrics,77
17468,Prayer (Skit),https://genius.com/Dmx-prayer-skit-lyrics,77
17456,I Can Feel It,https://genius.com/Dmx-i-can-feel-it-lyrics,77
17480,Prayer II / Ready to Meet Him,https://genius.com/Dmx-prayer-ii-ready-to-meet-him-lyrics,77
4647,Stop Being Greedy,https://genius.com/Dmx-stop-being-greedy-lyrics,77
17502,I Miss You,https://genius.com/Dmx-i-miss-you-lyrics,77
17455,The Rain,https://genius.com/Dmx-the-rain-lyrics,77
32159,Come Back In One Piece,https://genius.com/Aaliyah-come-back-in-one-piece-lyrics,77
17428,Here We Go Again,https://genius.com/Dmx-here-we-go-again-lyrics,77
4210,Damien III,https://genius.com/Dmx-damien-iii-lyrics,77
17467,The Convo,https://genius.com/Dmx-the-convo-lyrics,77
17495,No Sunshine,https://genius.com/Dmx-no-sunshine-lyrics,77
17443,Get It On The Floor,https://genius.com/Dmx-get-it-on-the-floor-lyrics,77
24003,It’s Murda,https://genius.com/Ja-rule-its-murda-lyrics,77
375861,Touch It (Remix 2.0),https://genius.com/Busta-rhymes-touch-it-remix-20-lyrics,77
3477,Life Is What You Make It,https://genius.com/Nas-life-is-what-you-make-it-lyrics,77
6798128,Hood Blues,https://genius.com/Dmx-hood-blues-lyrics,77
17439,A’Yo Kato,https://genius.com/Dmx-ayo-kato-lyrics,77
36099,Shut ’Em Down,https://genius.com/Onyx-shut-em-down-lyrics,77
17474,Dogs for Life,https://genius.com/Dmx-dogs-for-life-lyrics,77
17008,Ruff Ryders Anthem (Remix),https://genius.com/Dj-clue-ruff-ryders-anthem-remix-lyrics,77
17532,We Right Here,https://genius.com/Dmx-we-right-here-lyrics,77
6813262,Letter to My Son (Call Your Father),https://genius.com/Dmx-letter-to-my-son-call-your-father-lyrics,77
17429,Angel,https://genius.com/Dmx-angel-lyrics,77
17461,Fuckin’ Wit’ D,https://genius.com/Dmx-fuckin-wit-d-lyrics,77
17431,One More Road to Cross,https://genius.com/Dmx-one-more-road-to-cross-lyrics,77
17446,Shot Down,https://genius.com/Dmx-shot-down-lyrics,77
17469,It’s All Good,https://genius.com/Dmx-its-all-good-lyrics,77
2104458,Ride Till I Die,https://genius.com/Kay-one-ride-till-i-die-lyrics,77
74297,Where My Dogs At,https://genius.com/Dmx-where-my-dogs-at-lyrics,77
31725,Grand Finale,https://genius.com/Dmx-ja-rule-method-man-and-nas-grand-finale-lyrics,77
17457,Crime Story,https://genius.com/Dmx-crime-story-lyrics,77
20899,Time To Build,https://genius.com/Mic-geronimo-time-to-build-lyrics,77
17491,Industry,https://genius.com/Dmx-industry-lyrics,77
17432,Prayer III,https://genius.com/Dmx-prayer-iii-lyrics,77
103666,I Shot Ya (Freestyle),https://genius.com/Dmx-i-shot-ya-freestyle-lyrics,77
17427,Good Girls, Bad Guys,https://genius.com/Dmx-good-girls-bad-guys-lyrics,77
17481,My Niggas (Interlude),https://genius.com/Dmx-my-niggas-interlude-lyrics,77
17499,Right/Wrong,https://genius.com/Dmx-right-wrong-lyrics,77
3341368,Rudolph the Red Nosed Reindeer,https://genius.com/Dmx-rudolph-the-red-nosed-reindeer-lyrics,77
17490,Flesh Of My Flesh, Blood Of My Blood,https://genius.com/Dmx-flesh-of-my-flesh-blood-of-my-blood-lyrics,77
17453,ATF,https://genius.com/Dmx-atf-lyrics,77
6813152,That’s My Dog,https://genius.com/Dmx-thats-my-dog-lyrics,77
17435,Dog Intro,https://genius.com/Dmx-dog-intro-lyrics,77
17440,Dogs Out,https://genius.com/Dmx-dogs-out-lyrics,77
24030,Un-Hunh!,https://genius.com/Jadakiss-un-hunh-lyrics,77
17465,For My Dogs,https://genius.com/Dmx-for-my-dogs-lyrics,77
6813261,Walking in the Rain,https://genius.com/Dmx-walking-in-the-rain-lyrics,77
56446,Last Hope,https://genius.com/Dmx-last-hope-lyrics,77
24501,Murdergram,https://genius.com/Jay-z-murdergram-lyrics,77
17477,No Love 4 Me,https://genius.com/Dmx-no-love-4-me-lyrics,77
17471,Ain’t No Way,https://genius.com/Dmx-aint-no-way-lyrics,77
24202,Whatcha Gonna Do,https://genius.com/Jayo-felony-whatcha-gonna-do-lyrics,77
6813178,Dogs Out (Exodus),https://genius.com/Dmx-dogs-out-exodus-lyrics,77
5055,Ryde or Die,https://genius.com/Ruff-ryders-ryde-or-die-lyrics,77
2746794,Blood Red,https://genius.com/Dmx-blood-red-lyrics,77
6813260,Skyscrapers,https://genius.com/Dmx-skyscrapers-lyrics,77
4837694,The “E” in Blue,https://genius.com/Idk-the-e-in-blue-lyrics,77
6813175,Money Money Money,https://genius.com/Dmx-money-money-money-lyrics,77
6808300,Hold Me Down,https://genius.com/Dmx-hold-me-down-lyrics,77
225342,Don’t Call Me,https://genius.com/Rakim-dont-call-me-lyrics,77
39281,Some X Shit,https://genius.com/Dmx-some-x-shit-lyrics,77
6813168,Take Control,https://genius.com/Dmx-take-control-lyrics,77
92108,2012 BET Hip Hop Awards - Cypher 6,https://genius.com/Bet-2012-bet-hip-hop-awards-cypher-6-lyrics,77
17497,Top Shotter,https://genius.com/Dmx-top-shotter-lyrics,77
6845395,Prayer (Exodus),https://genius.com/Dmx-prayer-exodus-lyrics,77
5879517,Bout Shit,https://genius.com/The-lox-bout-shit-lyrics,77
2626755,Touch It (Mega Remix),https://genius.com/Busta-rhymes-touch-it-mega-remix-lyrics,77
17473,Coming From,https://genius.com/Dmx-coming-from-lyrics,77
1408832,Party Up (Up In Here) (Radio Edit),https://genius.com/Dmx-party-up-up-in-here-radio-edit-lyrics,77
17498,They Want War (Ja Rule Diss),https://genius.com/Dmx-they-want-war-ja-rule-diss-lyrics,77
17434,Fame,https://genius.com/Dmx-fame-lyrics,77
17437,The Professional,https://genius.com/Dmx-the-professional-lyrics,77
24481,More Money, More Cash, More Hoes (Remix),https://genius.com/Jay-z-more-money-more-cash-more-hoes-remix-lyrics,77
17436,D-X-L (Hard White),https://genius.com/Dmx-d-x-l-hard-white-lyrics,77
10185298,I Didn’t Go,https://genius.com/Joyner-lucas-i-didnt-go-lyrics,77
17476,Keep Your Shit The Hardest,https://genius.com/Dmx-keep-your-shit-the-hardest-lyrics,77
17510,Trina Moe,https://genius.com/Dmx-trina-moe-lyrics,77
17553,We In Here,https://genius.com/Dmx-we-in-here-lyrics,77
17449,Untouchable,https://genius.com/Dmx-untouchable-lyrics,77
8947,Why We Die,https://genius.com/Busta-rhymes-why-we-die-lyrics,77
1119005,Up In Here,https://genius.com/Dmx-up-in-here-lyrics,77
17438,Don’t Gotta Go Home,https://genius.com/Dmx-dont-gotta-go-home-lyrics,77
30490,Take What’s Yours,https://genius.com/Ma-e-take-whats-yours-lyrics,77
17445,My Life,https://genius.com/Dmx-my-life-lyrics,77
17430,Make a Move,https://genius.com/Dmx-make-a-move-lyrics,77
66904,Head Up,https://genius.com/Dmx-head-up-lyrics,77
88703,Slippin Again,https://genius.com/Dmx-slippin-again-lyrics,77
17530,The Prayer VI,https://genius.com/Dmx-the-prayer-vi-lyrics,77
17444,The Prayer V,https://genius.com/Dmx-the-prayer-v-lyrics,77
3002391,Zombies,https://genius.com/Dmx-zombies-lyrics,77
17426,Comin’ For Ya,https://genius.com/Dmx-comin-for-ya-lyrics,77
17441,Fuck Y’all,https://genius.com/Dmx-fuck-yall-lyrics,77
1849324,It’s Dark And Hell Is Hot,https://genius.com/Dmx-its-dark-and-hell-is-hot-lyrics,77
528450,Backstage Freestyle,https://genius.com/Jay-z-backstage-freestyle-lyrics,77
17504,A Minute for Your Son,https://genius.com/Dmx-a-minute-for-your-son-lyrics,77
179439,Prayer,https://genius.com/Dmx-prayer-lyrics,77
45355,Poppin My Collar (Remix),https://genius.com/Three-6-mafia-poppin-my-collar-remix-lyrics,77
32190,Don’t Gotta Go Home,https://genius.com/Monica-dont-gotta-go-home-lyrics,77
2462966,Legendary Cypher,https://genius.com/Big-pun-legendary-cypher-lyrics,77
189674,Innocent Man,https://genius.com/Mark-morrison-innocent-man-lyrics,77
16831,What’s Really Good,https://genius.com/The-diplomats-whats-really-good-lyrics,77
17508,The Prayer IV,https://genius.com/Dmx-the-prayer-iv-lyrics,77
17478,Heat,https://genius.com/Dmx-heat-lyrics,77
17423,More 2 a Song,https://genius.com/Dmx-more-2-a-song-lyrics,77
5945827,Foolish,https://genius.com/Berner-foolish-lyrics,77
570891,It’s On,https://genius.com/Dj-clue-its-on-lyrics,77
151295,Mickey (Skit),https://genius.com/Dmx-mickey-skit-lyrics,77
3387392,Real Friends (Remix),https://genius.com/Kanye-west-real-friends-remix-lyrics,77
17452,We’re Back,https://genius.com/Dmx-were-back-lyrics,77
157935,It’s Time (a scene from the Hip-Hop movie Belly),https://genius.com/Benjamin-chavis-its-time-a-scene-from-the-hip-hop-movie-belly-annotated,77
88178,Cold World,https://genius.com/Dmx-cold-world-lyrics,77
17512,Shorty Was Da Bomb,https://genius.com/Dmx-shorty-was-da-bomb-lyrics,77
19321,Scenario 2000,https://genius.com/Eve-scenario-2000-lyrics,77
3505850,King Kong,https://genius.com/Forever-mc-and-its-different-king-kong-lyrics,77
17527,Goodbye,https://genius.com/Dmx-goodbye-lyrics,77
32788,Sincerity,https://genius.com/Mary-j-blige-sincerity-lyrics,77
53658,Otis Freestyle,https://genius.com/Busta-rhymes-otis-freestyle-lyrics,77
10008725,This Is the Way,https://genius.com/Five-finger-death-punch-this-is-the-way-lyrics,77
10445,A Song For You,https://genius.com/Bizzy-bone-a-song-for-you-lyrics,77
280075,The Storm (Skit),https://genius.com/Dmx-the-storm-skit-lyrics,77
48708,Tear It Up,https://genius.com/Yung-wun-tear-it-up-lyrics,77
411154,Hot 97 Freestyle,https://genius.com/Funkmaster-flex-hot-97-freestyle-lyrics,77
17483,Catz Don’t Know,https://genius.com/Dmx-catz-dont-know-lyrics,77
2954554,Bain Iz Back,https://genius.com/Dmx-bain-iz-back-lyrics,77
17516,Sometimes,https://genius.com/Dmx-sometimes-lyrics,77
17486,The Born Loser,https://genius.com/Dmx-the-born-loser-lyrics,77
17509,School Street,https://genius.com/Dmx-school-street-lyrics,77
17501,Bloodline Anthem,https://genius.com/Dmx-bloodline-anthem-lyrics,77
17517,Already,https://genius.com/Dmx-already-lyrics,77
74266,Shit Don’t Change,https://genius.com/Dmx-shit-dont-change-lyrics,77
17482,Ryde or Die (Remix),https://genius.com/Dmx-ryde-or-die-remix-lyrics,77
1261334,Ruff Ryders’ Anthem (Live),https://genius.com/Dmx-ruff-ryders-anthem-live-lyrics,77
31792,Nowhere to Run,https://genius.com/Dmx-nowhere-to-run-lyrics,77
17492,I’m Gonna Crawl,https://genius.com/Dmx-im-gonna-crawl-lyrics,77
554020,Pull It,https://genius.com/Camron-pull-it-lyrics,77
694408,Intro (LAX),https://genius.com/The-game-intro-lax-lyrics,77
2046874,Get Up and Try Again,https://genius.com/Dmx-get-up-and-try-again-lyrics,77
5424,Put Your Money,https://genius.com/Ludacris-put-your-money-lyrics,77
17533,Walk These Dogs,https://genius.com/Dmx-walk-these-dogs-lyrics,77
17529,When I’m Nothing,https://genius.com/Dmx-when-im-nothing-lyrics,77
94896,World’s Greatest,https://genius.com/Dmx-worlds-greatest-lyrics,77
17451,We Go Hard,https://genius.com/Dmx-we-go-hard-lyrics,77
607310,Pac Man (Skit),https://genius.com/Dmx-pac-man-skit-lyrics,77
60973,Make You Proud,https://genius.com/King-los-make-you-proud-lyrics,77
18030,Niggas Die 4 Me,https://genius.com/Drag-on-niggas-die-4-me-lyrics,77
17425,Don’t You Ever,https://genius.com/Dmx-dont-you-ever-lyrics,77
29021,Fuhgidabowdit,https://genius.com/Ll-cool-j-fuhgidabowdit-lyrics,77
29099,4,3,2,1 (E-Dub Remix 6),https://genius.com/Ll-cool-j-and-dmx-4321-e-dub-remix-6-lyrics,77
20903,Usual Suspects,https://genius.com/Mic-geronimo-usual-suspects-lyrics,77
17447,Rob All Night (If I’m Gonna Rob),https://genius.com/Dmx-rob-all-night-if-im-gonna-rob-lyrics,77
6813184,Stick Up Skit,https://genius.com/Dmx-stick-up-skit-lyrics,77
17031,Who’s Next [X-Clue-Sive],https://genius.com/Dj-clue-whos-next-x-clue-sive-lyrics,77
4709687,How’s It Goin’ Down (Single Version),https://genius.com/Dmx-hows-it-goin-down-single-version-lyrics,77
6813182,Exodus Skit,https://genius.com/Dmx-exodus-skit-lyrics,77
17454,Thank You,https://genius.com/Dmx-thank-you-lyrics,77
17526,Life Be My Song,https://genius.com/Dmx-life-be-my-song-lyrics,77
17521,Blown Away,https://genius.com/Dmx-blown-away-lyrics,77
558796,Niggaz Can’t Touch Me Kid,https://genius.com/Dmx-niggaz-cant-touch-me-kid-lyrics,77
17505,I’ma Bang,https://genius.com/Dmx-ima-bang-lyrics,77
88613,Sucka for Love,https://genius.com/Dmx-sucka-for-love-lyrics,77
17507,Problem Child,https://genius.com/Dmx-problem-child-lyrics,77
413403,If It’s On It’s On,https://genius.com/Murder-inc-if-its-on-its-on-lyrics,77
20160,Dog & A Fox,https://genius.com/Foxy-brown-dog-and-a-fox-lyrics,77
7470834,WE UP,https://genius.com/Chris-webby-we-up-lyrics,77
17448,Bring The Noize,https://genius.com/Dmx-bring-the-noize-lyrics,77
17458,We ’Bout To Blow,https://genius.com/Dmx-we-bout-to-blow-lyrics,77
2131854,Love That Bitch,https://genius.com/Dmx-love-that-bitch-lyrics,77
34349,Tales From The Darkside,https://genius.com/Dmx-tales-from-the-darkside-lyrics,77
17515,You Could Be Blind,https://genius.com/Dmx-you-could-be-blind-lyrics,77
23040,We Be Clubbin’ Remix,https://genius.com/Ice-cube-we-be-clubbin-remix-lyrics,77
154613,What They Don’t Know,https://genius.com/Dmx-what-they-dont-know-lyrics,77
18029,Get It Right,https://genius.com/Drag-on-get-it-right-lyrics,77
17518,Number 11,https://genius.com/Dmx-number-11-lyrics,77
2144449,Built Like A Bitch,https://genius.com/Dmx-built-like-a-bitch-lyrics,77
9683255,Long Live X,https://genius.com/Sickick-long-live-x-lyrics,77
139739,Soldier,https://genius.com/Dmx-soldier-lyrics,77
1858380,Don’t Call Me,https://genius.com/Dmx-dont-call-me-lyrics,77
96249,Who Shot Ya  (Freestyle),https://genius.com/Dmx-who-shot-ya-freestyle-lyrics,77
648878,It’ll Be Alright,https://genius.com/Dmx-itll-be-alright-lyrics,77
4936240,Don’t Play Games,https://genius.com/Casanova-dont-play-games-lyrics,77
554010,We Be Clubbin’,https://genius.com/Dmx-we-be-clubbin-lyrics,77
17525,Dog Love,https://genius.com/Dmx-dog-love-lyrics,77
17506,Next Out the Kennel,https://genius.com/Dmx-next-out-the-kennel-lyrics,77
355745,On Fighting George Zimmerman,https://genius.com/Dmx-on-fighting-george-zimmerman-annotated,77
696169,Never Before Seen: LL Cool J, Method Man, Redman, & DMX Raw and Uncut Interview,https://genius.com/Mtv-never-before-seen-ll-cool-j-method-man-redman-and-dmx-raw-and-uncut-interview-lyrics,77
78651,Freestyle (Give Up The Goods),https://genius.com/Dmx-freestyle-give-up-the-goods-lyrics,77
590711,Let’s Get It On,https://genius.com/Dmx-lets-get-it-on-lyrics,77
9662412,West Side,https://genius.com/Magmoet-visser-west-side-lyrics,77
6853000,Money Money Money (Original),https://genius.com/Dmx-money-money-money-original-lyrics,77
86869,Spellbound,https://genius.com/Dmx-spellbound-lyrics,77
1540078,Fuck U Bitch,https://genius.com/Dmx-fuck-u-bitch-lyrics,77
727393,Were My Dogs At,https://genius.com/Dmx-were-my-dogs-at-lyrics,77
6708834,Been To War,https://genius.com/Godfather-of-harlem-been-to-war-lyrics,77
17523,Come Thru (Move),https://genius.com/Dmx-come-thru-move-lyrics,77
17520,Baby Motha,https://genius.com/Dmx-baby-motha-lyrics,77
74373,That’s My Baby,https://genius.com/Dmx-thats-my-baby-lyrics,77
17513,Usual Suspects (Part 2),https://genius.com/Dmx-usual-suspects-part-2-lyrics,77
105294,Time To Get Paid,https://genius.com/Dmx-time-to-get-paid-lyrics,77
74280,Where I Wanna Be,https://genius.com/Dmx-where-i-wanna-be-lyrics,77
89615,I Get Scared,https://genius.com/Dmx-i-get-scared-lyrics,77
87382,I Wish,https://genius.com/Dmx-i-wish-lyrics,77
1648541,What You Want,https://genius.com/Dmx-what-you-want-lyrics,77
2109322,A Lot to Learn - Skit,https://genius.com/Dmx-a-lot-to-learn-skit-lyrics,77
498925,Have You Eva,https://genius.com/Dmx-have-you-eva-lyrics,77
4174,Stop The Party (Remix),https://genius.com/Busta-rhymes-stop-the-party-remix-lyrics,77
1443692,Never Gonna Lie,https://genius.com/Dmx-never-gonna-lie-lyrics,77
9056,Touch It (Remix Part One),https://genius.com/Busta-rhymes-touch-it-remix-part-one-lyrics,77
570890,Freestyle,https://genius.com/Dmx-freestyle-lyrics,77
514736,Vato (Miqu Remix),https://genius.com/Snoop-dogg-vato-miqu-remix-lyrics,77
17487,Get At Me Dog (Bad Boy Remix),https://genius.com/Dmx-get-at-me-dog-bad-boy-remix-lyrics,77
17534,Wrong or Right (I’m Tired),https://genius.com/Dmx-wrong-or-right-im-tired-lyrics,77
3063588,The Dog in Me,https://genius.com/Dmx-the-dog-in-me-lyrics,77
278197,Bad Guys (Shoopac Mix),https://genius.com/Dmx-bad-guys-shoopac-mix-lyrics,77
17450,On Top,https://genius.com/Dmx-on-top-lyrics,77
2489842,Still Scratching,https://genius.com/Dmx-still-scratching-lyrics,77
32374,Most High (Remix),https://genius.com/Jerzee-monet-most-high-remix-lyrics,77
88705,I’m Back,https://genius.com/Dmx-im-back-lyrics,77
20624,Do You,https://genius.com/Funkmaster-flex-do-you-lyrics,77
679700,Spit That Shit,https://genius.com/Dmx-spit-that-shit-lyrics,77
1568651,The Kennel (Skit),https://genius.com/Dmx-the-kennel-skit-lyrics,77
9781,We in Here,https://genius.com/Funkmaster-flex-and-big-kap-we-in-here-lyrics,77
19314,Dog Match,https://genius.com/Eve-dog-match-lyrics,77
723438,56 Bars,https://genius.com/Dmx-56-bars-lyrics,77
6814506,Bath Salts (Demo),https://genius.com/Dmx-bath-salts-demo-lyrics,77
1196491,No Love,https://genius.com/Dmx-no-love-lyrics,77
7699167,Bitch Please III (Remix),https://genius.com/Eminem-bitch-please-iii-remix-lyrics,77
39280,Get Wild,https://genius.com/Dmx-get-wild-lyrics,77
17528,I Run Shit,https://genius.com/Dmx-i-run-shit-lyrics,77
39238,The Great,https://genius.com/Dmx-the-great-lyrics,77
558710,Mary J. Blige Diss,https://genius.com/Dmx-mary-j-blige-diss-lyrics,77
558824,Ghetto Life,https://genius.com/Dmx-ghetto-life-lyrics,77
184028,Ya’ll Don’t Really Know,https://genius.com/Dmx-yall-dont-really-know-lyrics,77
177824,Get Your Money Up,https://genius.com/Dmx-get-your-money-up-lyrics,77
558772,Baby Mother,https://genius.com/Dmx-baby-mother-lyrics,77
23781,Get Your Shit Right,https://genius.com/Jermaine-dupri-get-your-shit-right-lyrics,77
17531,It’s Personal,https://genius.com/Dmx-its-personal-lyrics,77
2148188,Put Em Up,https://genius.com/Dmx-put-em-up-lyrics,77
554113,Scenario 2000,https://genius.com/Dmx-scenario-2000-lyrics,77
5598328,Niggas Is Up To No Good,https://genius.com/Dmx-niggas-is-up-to-no-good-lyrics,77
1841004,Let Me Be Your Angel,https://genius.com/Dmx-let-me-be-your-angel-lyrics,77
17524,Give ’Em What They Want,https://genius.com/Dmx-give-em-what-they-want-lyrics,77
738207,Shout it,https://genius.com/Dmx-shout-it-lyrics,77
694410,Outro (LAX),https://genius.com/The-game-outro-lax-lyrics,77
1066341,Make A Move (Original),https://genius.com/Dmx-make-a-move-original-lyrics,77
19355,Scream Double R,https://genius.com/Eve-scream-double-r-lyrics,77
3700083,Prayer (Intro),https://genius.com/Dmx-prayer-intro-lyrics,77
17519,Y’all Niggaz,https://genius.com/Dmx-yall-niggaz-lyrics,77
2046876,One More Night,https://genius.com/Dmx-one-more-night-lyrics,77
39249,Friend of Mine,https://genius.com/Dmx-friend-of-mine-lyrics,77
10555214,GOD’S PLAYGROUND,https://genius.com/Rakim-38-spesh-and-dmx-gods-playground-lyrics,77
1539069,Get At Me Dog Freestyle,https://genius.com/Dmx-get-at-me-dog-freestyle-lyrics,77
376842,Intro (Year of the Dog...Again),https://genius.com/Dmx-intro-year-of-the-dog-again-lyrics,77
554026,Ruffest Ryders,https://genius.com/Dmx-ruffest-ryders-lyrics,77
1562702,No Love For Me,https://genius.com/Dmx-no-love-for-me-lyrics,77
554092,Tell Me How U Feelin’,https://genius.com/Dmx-tell-me-how-u-feelin-lyrics,77
982835,Nowhere To Run (Vapor Trail),https://genius.com/Ozzy-osbourne-nowhere-to-run-vapor-trail-lyrics,77
17511,The Story,https://genius.com/Dmx-the-story-lyrics,77
2047012,It’s A Problem,https://genius.com/Dmx-its-a-problem-lyrics,77
2045006,What You Want (radio Edit),https://genius.com/Dmx-what-you-want-radio-edit-lyrics,77
54026,Bug Out,https://genius.com/Dmx-bug-out-lyrics,77
5007502,Who Want What,https://genius.com/Merkules-who-want-what-lyrics,77
17496,King Thing,https://genius.com/Dmx-king-thing-lyrics,77
1840640,Changes Remix,https://genius.com/Dmx-changes-remix-lyrics,77
16987,Who, Ruff Ryders,https://genius.com/Drag-on-and-dmx-who-ruff-ryders-lyrics,77
6689537,X Moves,https://genius.com/Dmx-bootsy-collins-and-steve-howe-x-moves-lyrics,77
1198774,It’s Goin Down,https://genius.com/Dmx-its-goin-down-lyrics,77
4400,6 Foot 7 Foot (Freestyle),https://genius.com/Dmx-6-foot-7-foot-freestyle-lyrics,77
1989309,Ruff Ryders’ Anthem (Dirty Remix),https://genius.com/Dmx-ruff-ryders-anthem-dirty-remix-lyrics,77
2889778,Interview on The Notorious B.I.G., The LOX, Puffy,https://genius.com/Dmx-interview-on-the-notorious-big-the-lox-puffy-annotated,77
1060255,I Got Your Back,https://genius.com/Dmx-i-got-your-back-lyrics,77
570889,Ruff Ryders,https://genius.com/Dmx-ruff-ryders-lyrics,77
2046454,On and On,https://genius.com/Dmx-on-and-on-lyrics,77
1626139,The Shakedown (Skit),https://genius.com/Dmx-the-shakedown-skit-lyrics,77
2045167,Right Or Wrong,https://genius.com/Dmx-right-or-wrong-lyrics,77
17522,Where You Been,https://genius.com/Dmx-where-you-been-lyrics,77
6737387,Ruled Out (Ja Rule Diss),https://genius.com/Dmx-ruled-out-ja-rule-diss-lyrics,77
4950264,Leave Me Lone,https://genius.com/24hrs-leave-me-lone-lyrics,77
891768,No Sunshine (Album Version),https://genius.com/Dmx-no-sunshine-album-version-lyrics,77
554098,I’m Gonna Start This,https://genius.com/Dmx-im-gonna-start-this-lyrics,77
17493,Go For Dat,https://genius.com/Dmx-go-for-dat-lyrics,77
10036,Walk With Me,https://genius.com/Big-stan-walk-with-me-lyrics,77
1851822,Solid,https://genius.com/Dmx-solid-lyrics,77
2945183,Inner City Blues,https://genius.com/Pudgee-tha-phat-bastard-inner-city-blues-lyrics,77
582091,Baby Momma,https://genius.com/Dmx-baby-momma-lyrics,77
5678348,You Don’t Hear Me Though,https://genius.com/Dmx-you-dont-hear-me-though-lyrics,77
16994,Pull It,https://genius.com/Dj-clue-pull-it-lyrics,77
1523340,Frankenstein,https://genius.com/Dmx-frankenstein-lyrics,77
2046931,Gonna Get Mine,https://genius.com/Dmx-gonna-get-mine-lyrics,77
1948063,Where The Hood At (High On X Remix),https://genius.com/Dmx-where-the-hood-at-high-on-x-remix-lyrics,77
2004450,Party Up (Up In Here) - Album Version (Explicit) (Source),https://genius.com/Dmx-party-up-up-in-here-album-version-explicit-source-lyrics,77
5994821,Homeboyz,https://genius.com/2pac-homeboyz-lyrics,77
663254,Fire,https://genius.com/Dmx-fire-lyrics,77
17484,Getting Down,https://genius.com/Dmx-getting-down-lyrics,77
558714,Against The Grain,https://genius.com/Dmx-against-the-grain-lyrics,77
552716,Jack Moves,https://genius.com/Bone-thugs-n-harmony-jack-moves-lyrics,77
6866810,Bath Salts (J Cole Version),https://genius.com/Dmx-bath-salts-j-cole-version-lyrics,77
103676,Sleep Til I’m Dead,https://genius.com/Dmx-sleep-til-im-dead-lyrics,77
961691,Lookin Without Seein (Intro),https://genius.com/Dmx-lookin-without-seein-intro-lyrics,77
2818980,Get It Get It,https://genius.com/Savant-get-it-get-it-lyrics,77
1049081,Intro (Get At Me Dog),https://genius.com/Dmx-intro-get-at-me-dog-lyrics,77
1418951,Fuckin’ With D,https://genius.com/Dmx-fuckin-with-d-lyrics,77
35561,Stay Flawless,https://genius.com/Nore-stay-flawless-lyrics,77
1004155,Fallin’,https://genius.com/Dmx-fallin-lyrics,77
56845,They Don’t Really Know,https://genius.com/Dmx-they-dont-really-know-lyrics,77
2268088,Wright or Wrong,https://genius.com/Dmx-wright-or-wrong-lyrics,77
2047041,I’m Gonna Win,https://genius.com/Dmx-im-gonna-win-lyrics,77
4808512,Jesus Loves Me,https://genius.com/Dmx-jesus-loves-me-lyrics,77
1151376,Born Loser (Original),https://genius.com/Dmx-born-loser-original-lyrics,77
734202,Change is gonna come,https://genius.com/Dmx-change-is-gonna-come-lyrics,77
155707,Gotti Style (I Shot Ya Freestyle),https://genius.com/Dmx-gotti-style-i-shot-ya-freestyle-lyrics,77
5819192,It’s Murda (Remix),https://genius.com/Dmx-its-murda-remix-lyrics,77
1306271,Ruff Radio (Skit),https://genius.com/Dmx-ruff-radio-skit-lyrics,77
32924,Trippin’ (Remix),https://genius.com/Total-trippin-remix-lyrics,77
18730,Pure Uncut Raw,https://genius.com/8ball-pure-uncut-raw-lyrics,77
1310169,Gotta Go (Skit),https://genius.com/Dmx-gotta-go-skit-lyrics,77
554015,No Love 4 Me (Changes Remix),https://genius.com/Dmx-no-love-4-me-changes-remix-lyrics,77
635554,Un-Hunh!,https://genius.com/Dmx-un-hunh-lyrics,77
2942129,You Ain’t Know,https://genius.com/Pudgee-tha-phat-bastard-you-aint-know-lyrics,77
558754,4, 3, 2, 1 Freestyle,https://genius.com/Dmx-4-3-2-1-freestyle-lyrics,77
5036841,KXNG SHXT (Remix),https://genius.com/Kxng-crooked-and-bronze-nazareth-kxng-shxt-remix-lyrics,77
17485,Grand Finale (Murda Mix),https://genius.com/Dmx-grand-finale-murda-mix-lyrics,77
2151544,Bad Boy,https://genius.com/Dmx-bad-boy-lyrics,77
2437704,Moe Wings,https://genius.com/Dmx-moe-wings-lyrics,77
558779,ATF (Open The Door),https://genius.com/Dmx-atf-open-the-door-lyrics,77
3981093,Come Prepared (Skit),https://genius.com/Dmx-come-prepared-skit-lyrics,77
7931154,The Way It’s Gonna Be,https://genius.com/Dmx-the-way-its-gonna-be-lyrics,77
558840,Y.O. Freestyle,https://genius.com/Dmx-yo-freestyle-lyrics,77
7502040,Here Comes the Boom (Original Version),https://genius.com/Dmx-here-comes-the-boom-original-version-lyrics,77
996092,Ruff Radio 2 (Skit),https://genius.com/Dmx-ruff-radio-2-skit-lyrics,77
8131061,Know What I Am,https://genius.com/Dmx-know-what-i-am-lyrics,77
2955157,BAIN IS BACK,https://genius.com/Dmx-bain-is-back-lyrics,77
554095,It’s A War,https://genius.com/Dmx-its-a-war-lyrics,77
570887,Get At Me Dog (Remix),https://genius.com/Dmx-get-at-me-dog-remix-lyrics,77
17494,I Can, I Can,https://genius.com/Dmx-i-can-i-can-lyrics,77
582116,Top Shooter,https://genius.com/Dmx-top-shooter-lyrics,77
920817,We Right Here Dirty,https://genius.com/Dmx-we-right-here-dirty-lyrics,77
650521,On The Frontline,https://genius.com/Dmx-on-the-frontline-lyrics,77
2268073,Lil Wayne Interlude,https://genius.com/Dmx-lil-wayne-interlude-lyrics,77
558706,Spellbound (The Original),https://genius.com/Dmx-spellbound-the-original-lyrics,77
17048,Deeper,https://genius.com/Dj-envy-deeper-lyrics,77
558736,Any MC,https://genius.com/Dmx-any-mc-lyrics,77
558701,Girlz 2 (DMX All Vocals),https://genius.com/Dmx-girlz-2-dmx-all-vocals-lyrics,77
18013,Let’s Get Crazy,https://genius.com/Drag-on-lets-get-crazy-lyrics,77
5597069,Critical Condition,https://genius.com/Dmx-critical-condition-lyrics,77
1841064,Dats My Baby,https://genius.com/Dmx-dats-my-baby-lyrics,77
17500,Pump Ya Fist,https://genius.com/Dmx-pump-ya-fist-lyrics,77
24379,We Got This,https://genius.com/John-forte-we-got-this-lyrics,77
554017,What You Want (The 24th Letter),https://genius.com/Dmx-what-you-want-the-24th-letter-lyrics,77
1673010,Pull Up (Skit),https://genius.com/Dmx-pull-up-skit-lyrics,77
554018,Nothin’ Move But The Money,https://genius.com/Dmx-nothin-move-but-the-money-lyrics,77
621526,Intro (Live At Woodstock),https://genius.com/Dmx-intro-live-at-woodstock-lyrics,77
558808,Can’t You See (Freestyle),https://genius.com/Dmx-cant-you-see-freestyle-lyrics,77
52232,Sucka 4 Love,https://genius.com/Dmx-sucka-4-love-lyrics,77
554003,Deeper & Deeper,https://genius.com/Dmx-deeper-and-deeper-lyrics,77
5597448,Unstoppable Force,https://genius.com/Dmx-unstoppable-force-lyrics,77
78618,Rock That Shit,https://genius.com/Dmx-rock-that-shit-lyrics,77
5600653,The Original Author Of Spellbound,https://genius.com/Dmx-the-original-author-of-spellbound-lyrics,77
1136781,Pull Out (Skit),https://genius.com/Dmx-pull-out-skit-lyrics,77
5852681,We Were Here,https://genius.com/New-kids-on-the-block-we-were-here-lyrics,77
1936455,Where The Hood At (Billion Dolla Remix),https://genius.com/Dmx-where-the-hood-at-billion-dolla-remix-lyrics,77
1946470,Party Up (Trap Remix),https://genius.com/Dmx-party-up-trap-remix-lyrics,77
3816811,Streetlife,https://genius.com/Dean-dawson-streetlife-lyrics,77
44291,Onyx and DMX  Wake Up Show Freestyle Vol. 6,https://genius.com/Sway-and-king-tech-onyx-and-dmx-wake-up-show-freestyle-vol-6-lyrics,77
558722,Edge Of Da Night,https://genius.com/Dmx-edge-of-da-night-lyrics,77
2122330,U aint $$$tt,https://genius.com/Dmx-u-aint-tt-lyrics,77
74298,Tyrese Interlude,https://genius.com/Dmx-tyrese-interlude-lyrics,77
648875,It Ain’t My Fault,https://genius.com/Dmx-it-aint-my-fault-lyrics,77
570893,Trippin Remix,https://genius.com/Dmx-trippin-remix-lyrics,77
20898,Nothin’ Move But The Money (Remix),https://genius.com/Mic-geronimo-nothin-move-but-the-money-remix-lyrics,77
2209599,We In Here - Dirty Version,https://genius.com/Dmx-we-in-here-dirty-version-lyrics,77
1084480,Untouchable Feat. Sheek, Syleena Johnson, Infa-Red,https://genius.com/Dmx-untouchable-feat-sheek-syleena-johnson-infa-red-lyrics,77
290989,Faith,https://genius.com/Omar-wilson-faith-lyrics,77
648872,It’s Over The Dog Is Back,https://genius.com/Dmx-its-over-the-dog-is-back-lyrics,77
15311,The Future,https://genius.com/Dame-grease-the-future-lyrics,77
122822,Electrolytes (Remix),https://genius.com/Nore-electrolytes-remix-lyrics,77
582112,Let Me Fly (Clark Washington Mix),https://genius.com/Dmx-let-me-fly-clark-washington-mix-lyrics,77
9214112,24 Hrs. To Live (Mixed),https://genius.com/Ma-e-24-hrs-to-live-mixed-lyrics,77
26564,Yonkers,https://genius.com/Dj-bazooka-joe-yonkers-lyrics,77
1349856,My Niggaz (Skit),https://genius.com/Dmx-my-niggaz-skit-lyrics,77
5595137,Catching The Same Hell,https://genius.com/Dmx-catching-the-same-hell-lyrics,77
2124195,Were i wanna be,https://genius.com/Dmx-were-i-wanna-be-lyrics,77
1840905,I Run Shit Here,https://genius.com/Dmx-i-run-shit-here-lyrics,77
1970443,Party Up (Up In Here) [Dubstep Remix],https://genius.com/Dmx-party-up-up-in-here-dubstep-remix-lyrics,77
5995356,Fuck Dat (I Ain’t Goin’ Back),https://genius.com/Dmx-fuck-dat-i-aint-goin-back-lyrics,77
2066196,Whut Whut (Remix),https://genius.com/Samy-deluxe-whut-whut-remix-lyrics,77
1988056,Ruff Ryders’ Anthem (Electro Ryder Remix),https://genius.com/Dmx-ruff-ryders-anthem-electro-ryder-remix-lyrics,77
635598,Born Loser (Remix),https://genius.com/Dmx-born-loser-remix-lyrics,77
1999321,Lord Give Me A Sign (Jazz Downed Remix),https://genius.com/Dmx-lord-give-me-a-sign-jazz-downed-remix-lyrics,77
2268063,Last Hope Skit,https://genius.com/Dmx-last-hope-skit-lyrics,77
2268055,The Weigh In Intro,https://genius.com/Dmx-the-weigh-in-intro-lyrics,77
1840635,Let’s Get Crazy,https://genius.com/Dmx-lets-get-crazy-lyrics,77
9214113,Mathematics / Money, Power & Respect (Mixed),https://genius.com/Mos-def-and-the-lox-mathematics-money-power-and-respect-mixed-lyrics,77
6738508,What These B******s Want (Remix),https://genius.com/Astrostar-what-these-bs-want-remix-lyrics,77
3427005,We Gonna Make It,https://genius.com/Dmx-we-gonna-make-it-lyrics,77
1994131,Party Up (Up In Here) (Shoot Em’ Remix),https://genius.com/Dmx-party-up-up-in-here-shoot-em-remix-lyrics,77
2232515,What’s My Name? (Dubstep Club Remix),https://genius.com/Dmx-whats-my-name-dubstep-club-remix-lyrics,77
7173492,Fuck That (I Ain’t Goin’ Back),https://genius.com/Dmx-fuck-that-i-aint-goin-back-lyrics,77
7435600,Up To No Good,https://genius.com/Dmx-up-to-no-good-lyrics,77
7931160,Dog Growl (Skit),https://genius.com/Dmx-dog-growl-skit-lyrics,77
1101434,I Get Scared (Grease),https://genius.com/Dmx-i-get-scared-grease-lyrics,77
2268079,DJ Envy interlude,https://genius.com/Dmx-dj-envy-interlude-lyrics,77
8265838,Party Up (Remix),https://genius.com/Dmx-party-up-remix-lyrics,77
1071871,Have You Eva (Grease),https://genius.com/Dmx-have-you-eva-grease-lyrics,77
1831062,It’s On (DJ Clue remix),https://genius.com/Dj-clue-its-on-dj-clue-remix-lyrics,77
2097251,Get it on the floor (ca$h mob mix),https://genius.com/Dmx-get-it-on-the-floor-ca-h-mob-mix-lyrics,77
1073660,Interview With Irv Gotti,https://genius.com/Dmx-interview-with-irv-gotti-lyrics,77
8280539,X Gon’ Give It To Ya (AG Remix),https://genius.com/Dmx-x-gon-give-it-to-ya-ag-remix-lyrics,77
7931172,Dog Bark (Skit),https://genius.com/Dmx-dog-bark-skit-lyrics,77
3058371,Appelsinjuice,https://genius.com/Vsewerin02-super-mario-appelsinjuice-lyrics,77
559775,U Could Be Blind,https://genius.com/Dmx-u-could-be-blind-lyrics,77
4808510,New York Shit Freestyle,https://genius.com/Dmx-new-york-shit-freestyle-lyrics,77
7204748,Nice With Mine (Freestyle),https://genius.com/Dmx-nice-with-mine-freestyle-lyrics,77
5376292,Stop Being Greedy [Woodstock 99],https://genius.com/Dmx-stop-being-greedy-woodstock-99-lyrics,77
7142926,Walking In The Rain (Acapella),https://genius.com/Dmx-walking-in-the-rain-acapella-lyrics,77
6671859,Get Money (Freestyle),https://genius.com/Dmx-get-money-freestyle-lyrics,77
6703962,Get At Me Dog II,https://genius.com/Jari-get-at-me-dog-ii-lyrics,77
1748031,Love That Bitch (Remastered),https://genius.com/Dmx-love-that-bitch-remastered-lyrics,77
7324616,Deeper (Unreleased Version 2),https://genius.com/Dmx-deeper-unreleased-version-2-lyrics,77
8183677,3 Stories,https://genius.com/Dyme-3-stories-lyrics,77
7324587,Deeper (Original Unreleased Version),https://genius.com/Dmx-deeper-original-unreleased-version-lyrics,77
1839031,Ryde Or Die Boyz,https://genius.com/Dmx-ryde-or-die-boyz-lyrics,77
7142924,Hood Blues (Acapella),https://genius.com/Dmx-hood-blues-acapella-lyrics,77
2110344,Give ’em what they want - dirty album version,https://genius.com/Dmx-give-em-what-they-want-dirty-album-version-lyrics,77
10140257,Play The Game,https://genius.com/Dmx-play-the-game-lyrics,77
409006,Pressed Your Luck,https://genius.com/Jim-brown-pressed-your-luck-lyrics,77
7142927,Letter To My Son (Call Your Father) (Acapella),https://genius.com/Dmx-letter-to-my-son-call-your-father-acapella-lyrics,77
4807772,Have You Eva (Mixtape version),https://genius.com/Dmx-have-you-eva-mixtape-version-lyrics,77
9248829,Ryde or Die (Extended Mix),https://genius.com/Ruff-ryders-ryde-or-die-extended-mix-lyrics,77
3904003,B-side Fiscal Fusion,https://genius.com/Dan-mason-b-side-fiscal-fusion-lyrics,77
8403258,I Gets Wrecked,https://genius.com/Dmx-i-gets-wrecked-lyrics,77
7303005,Full Underground Catalogue,https://genius.com/Dmx-full-underground-catalogue-lyrics,77
8119575,Freestyle (Craig G. & P Nice.),https://genius.com/Dmx-freestyle-craig-g-and-p-nice-lyrics,77
7142921,Dogs Out (Acapella),https://genius.com/Dmx-dogs-out-acapella-lyrics,77
5390980,Where The Hood At (AXIOMATIC Remix),https://genius.com/Dmx-where-the-hood-at-axiomatic-remix-lyrics,77
7435318,Zzz 7,https://genius.com/Thenextgui-zzz-7-lyrics,77
7141440,That’s My Dog (Instrumental),https://genius.com/Dmx-thats-my-dog-instrumental-lyrics,77
7142920,That’s My Dog (Acapella),https://genius.com/Dmx-thats-my-dog-acapella-lyrics,77
4807792,No Problems,https://genius.com/Dmx-no-problems-lyrics,77
7142925,Take Control (Acapella),https://genius.com/Dmx-take-control-acapella-lyrics,77
7142923,Skyscrapers (Acapella),https://genius.com/Dmx-skyscrapers-acapella-lyrics,77
5600654,Three Little Pigs,https://genius.com/Dmx-three-little-pigs-lyrics,77
9011302,Shades of Hip Hop: The Cypher,https://genius.com/Shades-of-hip-hop-shades-of-hip-hop-the-cypher-lyrics,77
7142912,Bath Salts (Instrumental),https://genius.com/Dmx-bath-salts-instrumental-lyrics,77
4430623,DR,https://genius.com/Dmx-dr-lyrics,77
7184502,How You Want Me To (REMIX),https://genius.com/Riak-how-you-want-me-to-remix-lyrics,77
2114523,I run shit - dirty album version,https://genius.com/Dmx-i-run-shit-dirty-album-version-lyrics,77
10288083,Buttsex, give it to ya,https://genius.com/Hellion-hero-buttsex-give-it-to-ya-lyrics,77
7142919,Letter To My Son (Call Your Father) (Instrumental),https://genius.com/Dmx-letter-to-my-son-call-your-father-instrumental-lyrics,77
4808480,3 Stories,https://genius.com/Dmx-3-stories-lyrics,77
8162724,The Heist (Unreleased),https://genius.com/Trigger-tha-gambler-the-heist-unreleased-lyrics,77
2098562,Intro: lookin without seein,https://genius.com/Dmx-intro-lookin-without-seein-lyrics,77
7142922,Hold Me Down (Acapella),https://genius.com/Dmx-hold-me-down-acapella-lyrics,77
5568883,Inner City Blues (Instrumental),https://genius.com/Pudgee-tha-phat-bastard-inner-city-blues-instrumental-lyrics,77
1269598,Sucka For Love (Deezle),https://genius.com/Dmx-sucka-for-love-deezle-lyrics,77
6723071,Prayer During Concert,https://genius.com/Dmx-prayer-during-concert-annotated,77
7806042,Nowhere To Hide,https://genius.com/Dmx-nowhere-to-hide-lyrics,77
406920,Last Hope Freestyle,https://genius.com/Jay-sin-last-hope-freestyle-lyrics,77
133974,No Gangster No Problem,https://genius.com/Rakalid-no-gangster-no-problem-lyrics,77
7142916,Hood Blues (Instrumental),https://genius.com/Dmx-hood-blues-instrumental-lyrics,77
8413876,Slippin’ (Demo Version/Funkdafied Beat),https://genius.com/Dmx-slippin-demo-version-funkdafied-beat-lyrics,77
7931159,Dogs Barkin’ (Skit),https://genius.com/Dmx-dogs-barkin-skit-lyrics,77
8231112,Hardcore Outro,https://genius.com/Dmx-hardcore-outro-lyrics,77
7142917,Take Control (Instrumental),https://genius.com/Dmx-take-control-instrumental-lyrics,77
7142913,Dogs Out (Instrumental),https://genius.com/Dmx-dogs-out-instrumental-lyrics,77
4808462,The Dark Is Here,https://genius.com/Dmx-the-dark-is-here-lyrics,77
9162318,Hynotize Freestyle,https://genius.com/Dmx-hynotize-freestyle-lyrics,77
7142918,Walking In The Rain (Instrumental),https://genius.com/Dmx-walking-in-the-rain-instrumental-lyrics,77
7142915,Skyscrapers (Instrumental),https://genius.com/Dmx-skyscrapers-instrumental-lyrics,77
7128983,Atlanta Live,https://genius.com/Kasino-feat-dmx-atlanta-live-lyrics,77
7142914,Hold Me Down (Instrumental),https://genius.com/Dmx-hold-me-down-instrumental-lyrics,77
6767574,Lifestyle (2002 Version),https://genius.com/Dmx-lifestyle-2002-version-lyrics,77
8570370,Up To No Good (Radio Version),https://genius.com/Dmx-up-to-no-good-radio-version-lyrics,77
10110157,Get Money II Freestyle,https://genius.com/Dmx-get-money-ii-freestyle-lyrics,77
4808461,Mega Freestyle 2,https://genius.com/Dmx-mega-freestyle-2-lyrics,77
8231111,Don’t Pay Dues (And Ya Dead),https://genius.com/Dmx-dont-pay-dues-and-ya-dead-lyrics,77
5182791,Who Want What,https://genius.com/Merciless-who-want-what-lyrics,77
8288208,Skyscrapers (Remix),https://genius.com/Atom-petrify-skyscrapers-remix-lyrics,77
4808460,Read About It,https://genius.com/Dmx-read-about-it-lyrics,77
10321105,Rundown,https://genius.com/Krypy-rundown-lyrics,77
10035198,DMX - Spellbound (DJ Superior Freestyle Version) (1995),https://genius.com/Dmx-dmx-spellbound-dj-superior-freestyle-version-1995-lyrics,77
10232727,You Zeeks,https://genius.com/Dmx-you-zeeks-lyrics,77
8383876,God’s Will (R.I.P DMX),https://genius.com/Preston-mclean-gods-will-rip-dmx-lyrics,77
10206928,Stretch and Bobbito Freestyle 1991,https://genius.com/Percee-p-and-dmx-stretch-and-bobbito-freestyle-1991-lyrics,77
10165910,I’m Shittin on ’Em,https://genius.com/Dmx-im-shittin-on-em-lyrics,77
